10 Wichtigste Ereignisse.docx; C:\Users\nicso\Documents\10 Wichtigste Ereignisse.docx; 19892 bytes
15 BriefmusterNic.docx; C:\Users\nicso\Documents\15 BriefmusterNic.docx; 20685 bytes
AWS_KnowledgeChecks.docx; C:\Users\nicso\Documents\AWS_KnowledgeChecks.docx; 41063 bytes
Ablenkung beim Lernen.docx; C:\Users\nicso\Documents\Ablenkung beim Lernen.docx; 21049 bytes
Ablenkung_durch_Medien (1).docx; C:\Users\nicso\Documents\Ablenkung_durch_Medien (1).docx; 415561 bytes
Animal Farm Worksheet 1 Topic Class Nic.docx; C:\Users\nicso\Documents\Animal Farm Worksheet 1 Topic Class Nic.docx; 27007 bytes
Animal Farm Worksheet 1 Topic Class copy.docx; C:\Users\nicso\Documents\Animal Farm Worksheet 1 Topic Class copy.docx; 86895 bytes
Arbeit M322.docx; C:\Users\nicso\Documents\Arbeit M322.docx; 2454686 bytes
Arbeitsdossier1.docx; C:\Users\nicso\Documents\Arbeitsdossier1.docx; 56139 bytes
Aufgaben Deutsch.docx; C:\Users\nicso\Documents\Aufgaben Deutsch.docx; 24182 bytes
Badminton Nic & Samuel.docx; C:\Users\nicso\Documents\Badminton Nic & Samuel.docx; 19569 bytes
Birds Aren’t Real.docx; C:\Users\nicso\Documents\Schule\Dateien\Birds Aren’t Real.docx; 20084 bytes
DHCP eingerichtet.docx; C:\Users\nicso\Documents\DHCP eingerichtet.docx; 103729 bytes
DNS eingerichtet Nic.docx; C:\Users\nicso\Documents\DNS eingerichtet Nic.docx; 377606 bytes
Das Dynamic Host Configuration Protokoll.docx; C:\Users\nicso\Documents\Das Dynamic Host Configuration Protokoll.docx; 208410 bytes
Der Hauptfall des Buches ist ein Brand.docx; C:\Users\nicso\Documents\Der Hauptfall des Buches ist ein Brand.docx; 15750 bytes
Der Zweck dieser Seite ist die primär durch die Digitalisierung.docx; C:\Users\nicso\Documents\Der Zweck dieser Seite ist die primär durch die Digitalisierung.docx; 33147 bytes
Englis.docx; C:\Users\nicso\Documents\Englis.docx; 13055 bytes
Exercice Groupes verbaux ER IR .docx; C:\Users\nicso\Documents\Schule\Dateien\Exercice Groupes verbaux ER IR .docx; 20565 bytes
Fallstudie SWEEET_Niauel.docx; C:\Users\nicso\Documents\Fallstudie SWEEET_Niauel.docx; 69457 bytes
Gen Z has a short attention span Nic.docx; C:\Users\nicso\Documents\Gen Z has a short attention span Nic.docx; 531783 bytes
GruppenarbeitTheorie.docx; C:\Users\nicso\Documents\GruppenarbeitTheorie.docx; 289560 bytes
HELSANA DATENSCHUTZGESETZ.docx; C:\Users\nicso\Documents\HELSANA DATENSCHUTZGESETZ.docx; 19630 bytes
Handout Zürcher Glut.docx; C:\Users\nicso\Documents\Handout Zürcher Glut.docx; 78947 bytes
Horoskope.nic.docx; C:\Users\nicso\Documents\Horoskope.nic.docx; 19430 bytes
Inhaltsverzeichnis.docx; C:\Users\nicso\Documents\Inhaltsverzeichnis.docx; 1851707 bytes
Lebenslauf Nic Sonderegger - Kopie.docx; C:\Users\nicso\Documents\Schule\Dateien\Lebenslauf Nic Sonderegger - Kopie.docx; 445424 bytes
Lebenslauf Nic Sonderegger.docx; C:\Users\nicso\Documents\Schule\Dateien\Lebenslauf Nic Sonderegger.docx; 444250 bytes
LebenslaufNic2024.docx; C:\Users\nicso\Documents\LebenslaufNic2024.docx; 132110 bytes
Manuell oder mit DHCP.docx; C:\Users\nicso\Documents\Manuell oder mit DHCP.docx; 13654 bytes
Native American Indians_Info copy (Automatisch wiederhergestellt).docx; C:\Users\nicso\Documents\Native American Indians_Info copy (Automatisch wiederhergestellt).docx; 16933 bytes
Netzwerktypen, Kabel und Hardware.docx; C:\Users\nicso\Documents\Schule\Dateien\Netzwerktypen, Kabel und Hardware.docx; 703539 bytes
Nic_Erörterung.docx; C:\Users\nicso\Documents\Nic_Erörterung.docx; 30052 bytes
Nic_LeandroL.docx; C:\Users\nicso\Documents\Nic_LeandroL.docx; 230660 bytes
SQL COMMANDS.docx; C:\Users\nicso\Documents\SQL COMMANDS.docx; 427946 bytes
SQL.docx; C:\Users\nicso\Documents\SQL.docx; 346444 bytes
Schicherheitskonzept NIc.docx; C:\Users\nicso\Documents\Schule\Dateien\Schicherheitskonzept NIc.docx; 22165 bytes
Skript Fallstudie und Marketing Mix Sweet.docx; C:\Users\nicso\Documents\Skript Fallstudie und Marketing Mix Sweet.docx; 20826 bytes
Sonderegger_NIc_BegriffeDM.docx; C:\Users\nicso\Documents\Sonderegger_NIc_BegriffeDM.docx; 257355 bytes
Sonderegger_Nic_AnalyseBewertung.docx; C:\Users\nicso\Documents\Sonderegger_Nic_AnalyseBewertung.docx; 15471 bytes
Sonderegger_Nic_Auswerten2.docx; C:\Users\nicso\Documents\Sonderegger_Nic_Auswerten2.docx; 61803 bytes
Sonderegger_Nic_DataDictionary.docx; C:\Users\nicso\Documents\Sonderegger_Nic_DataDictionary.docx; 221141 bytes
Steckbrief Nic Sonderegger.docx; C:\Users\nicso\Documents\Schule\Dateien\Steckbrief Nic Sonderegger.docx; 191034 bytes
Tandem réflexion aux temps du passé.docx; C:\Users\nicso\Documents\Tandem réflexion aux temps du passé.docx; 18120 bytes
Tarék et en retard.docx; C:\Users\nicso\Documents\Tarék et en retard.docx; 13784 bytes
Teamarbeit_A01_Video_NIC.docx; C:\Users\nicso\Documents\Teamarbeit_A01_Video_NIC.docx; 127638 bytes
Teamarbeit_A02_Fragen NIC.docx; C:\Users\nicso\Documents\Teamarbeit_A02_Fragen NIC.docx; 126371 bytes
Teamarbeit_A03_Teamphasen NIc.docx; C:\Users\nicso\Documents\Teamarbeit_A03_Teamphasen NIc.docx; 127096 bytes
Textinterpretation Nic.docx; C:\Users\nicso\Documents\Textinterpretation Nic.docx; 20510 bytes
Textinterpretation_Nic.docx; C:\Users\nicso\Documents\Textinterpretation_Nic.docx; 13911 bytes
Veracrypt Verschlüsselung.docx; C:\Users\nicso\Documents\Veracrypt Verschlüsselung.docx; 155350 bytes
Wohnungssuche.docx; C:\Users\nicso\Documents\Wohnungssuche.docx; 37493 bytes
Word.Nic.docx; C:\Users\nicso\Documents\Schule\Dateien\Word.Nic.docx; 405513 bytes
leandroNic.docx; C:\Users\nicso\Documents\leandroNic.docx; 17388 bytes
~$Englis.docx; C:\Users\nicso\Documents\~$Englis.docx; 162 bytes
~$L COMMANDS.docx; C:\Users\nicso\Documents\~$L COMMANDS.docx; 162 bytes
~$S eingerichtet Nic.docx; C:\Users\nicso\Documents\~$S eingerichtet Nic.docx; 162 bytes
~$eckbrief Nic Sonderegger.docx; C:\Users\nicso\Documents\Schule\Dateien\~$eckbrief Nic Sonderegger.docx; 162 bytes
~$ercice Groupes verbaux ER IR .docx; C:\Users\nicso\Documents\Schule\Dateien\~$ercice Groupes verbaux ER IR .docx; 162 bytes
~$hicherheitskonzept NIc.docx; C:\Users\nicso\Documents\Schule\Dateien\~$hicherheitskonzept NIc.docx; 162 bytes
~$imal Farm Worksheet 1 Topic Class copy.docx; C:\Users\nicso\Documents\~$imal Farm Worksheet 1 Topic Class copy.docx; 162 bytes
~$nderegger_Nic_AnalyseBewertung.docx; C:\Users\nicso\Documents\~$nderegger_Nic_AnalyseBewertung.docx; 162 bytes
~$rd.Nic.docx; C:\Users\nicso\Documents\Schule\Dateien\~$rd.Nic.docx; 162 bytes
~$roskope.nic.docx; C:\Users\nicso\Documents\~$roskope.nic.docx; 162 bytes
~$s Dynamic Host Configuration Protokoll.docx; C:\Users\nicso\Documents\~$s Dynamic Host Configuration Protokoll.docx; 162 bytes
